Model,Maker,Other_Model
Magnite,Nissan,GT-R
Magnite,Nissan,GT-R
Magnite,Nissan,GT-R
Kicks,Nissan,GT-R
Kicks,Nissan,GT-R
Kicks,Nissan,GT-R
"XUV 300",Mahindra,Scorpio-N
"XUV 300",Mahindra,Scorpio-N
"XUV 300",Mahindra,Scorpio-N
"XUV 300",Mahindra,Scorpio-N
Marazzo,Mahindra,Scorpio-N
"Scorpio Classic",Mahindra,Scorpio-N
"Scorpio Classic",Mahindra,Scorpio-N
Taigun,Volkswagen,Virtus
Taigun,Volkswagen,Virtus
Taigun,Volkswagen,Virtus
Taigun,Volkswagen,Virtus
Tiguan,Volkswagen,Virtus
"City e-HEV",Honda,Amaze
"City 4th Gen",Honda,Amaze
"City 5th Gen",Honda,Amaze
Jazz,Honda,Amaze
"City 5th Gen",Honda,Amaze
"City 5th Gen",Honda,Amaze
Jazz,Honda,Amaze
WR-V,Honda,Amaze
WR-V,Honda,Amaze
"City e-HEV",Honda,Amaze
"City 4th Gen",Honda,Amaze
"City 5th Gen",Honda,Amaze
Jazz,Honda,Amaze
"City 5th Gen",Honda,Amaze
"City 5th Gen",Honda,Amaze
Jazz,Honda,Amaze
WR-V,Honda,Amaze
WR-V,Honda,Amaze
Virtus,Volkswagen,Tiguan
Taigun,Volkswagen,Tiguan
Taigun,Volkswagen,Tiguan
Taigun,Volkswagen,Tiguan
Taigun,Volkswagen,Tiguan
Virtus,Volkswagen,Tiguan
Virtus,Volkswagen,Tiguan
"XUV 300",Mahindra,"Scorpio Classic"
"XUV 300",Mahindra,"Scorpio Classic"
Scorpio-N,Mahindra,"Scorpio Classic"
Scorpio-N,Mahindra,"Scorpio Classic"
Scorpio-N,Mahindra,"Scorpio Classic"
"XUV 300",Mahindra,"Scorpio Classic"
"XUV 300",Mahindra,"Scorpio Classic"
Marazzo,Mahindra,"Scorpio Classic"
Scorpio-N,Mahindra,"Scorpio Classic"
Scorpio-N,Mahindra,"Scorpio Classic"
Scorpio-N,Mahindra,"Scorpio Classic"
Scorpio-N,Mahindra,"Scorpio Classic"
Scorpio-N,Mahindra,"Scorpio Classic"
Scorpio-N,Mahindra,"Scorpio Classic"
Scorpio-N,Mahindra,"Scorpio Classic"
"City e-HEV",Honda,WR-V
"City 4th Gen",Honda,WR-V
"City 5th Gen",Honda,WR-V
Jazz,Honda,WR-V
"City 5th Gen",Honda,WR-V
Amaze,Honda,WR-V
"City 5th Gen",Honda,WR-V
Jazz,Honda,WR-V
Amaze,Honda,WR-V
Amaze,Honda,WR-V
Amaze,Honda,WR-V
"City e-HEV",Honda,Amaze
"City 4th Gen",Honda,Amaze
"City 5th Gen",Honda,Amaze
Jazz,Honda,Amaze
"City 5th Gen",Honda,Amaze
"City 5th Gen",Honda,Amaze
Jazz,Honda,Amaze
WR-V,Honda,Amaze
WR-V,Honda,Amaze
"City e-HEV",Honda,WR-V
"City 4th Gen",Honda,WR-V
"City 5th Gen",Honda,WR-V
Jazz,Honda,WR-V
"City 5th Gen",Honda,WR-V
Amaze,Honda,WR-V
"City 5th Gen",Honda,WR-V
Jazz,Honda,WR-V
Amaze,Honda,WR-V
Amaze,Honda,WR-V
Amaze,Honda,WR-V
"XUV 300",Mahindra,Scorpio-N
"XUV 300",Mahindra,Scorpio-N
"XUV 300",Mahindra,Scorpio-N
"XUV 300",Mahindra,Scorpio-N
Marazzo,Mahindra,Scorpio-N
"Scorpio Classic",Mahindra,Scorpio-N
"Scorpio Classic",Mahindra,Scorpio-N
"City e-HEV",Honda,Jazz
"City 4th Gen",Honda,Jazz
"City 5th Gen",Honda,Jazz
"City 5th Gen",Honda,Jazz
Amaze,Honda,Jazz
"City 5th Gen",Honda,Jazz
WR-V,Honda,Jazz
Amaze,Honda,Jazz
WR-V,Honda,Jazz
Amaze,Honda,Jazz
Amaze,Honda,Jazz
Magnite,Nissan,Kicks
Magnite,Nissan,Kicks
Magnite,Nissan,Kicks
GT-R,Nissan,Kicks
"XUV 300",Mahindra,Scorpio-N
"XUV 300",Mahindra,Scorpio-N
"XUV 300",Mahindra,Scorpio-N
"XUV 300",Mahindra,Scorpio-N
Marazzo,Mahindra,Scorpio-N
"Scorpio Classic",Mahindra,Scorpio-N
"Scorpio Classic",Mahindra,Scorpio-N
Magnite,Nissan,Kicks
Magnite,Nissan,Kicks
Magnite,Nissan,Kicks
GT-R,Nissan,Kicks
C3,Citroen,"C5 Aircross"
C3,Citroen,"C5 Aircross"
"XUV 300",Mahindra,Scorpio-N
"XUV 300",Mahindra,Scorpio-N
"XUV 300",Mahindra,Scorpio-N
"XUV 300",Mahindra,Scorpio-N
Marazzo,Mahindra,Scorpio-N
"Scorpio Classic",Mahindra,Scorpio-N
"Scorpio Classic",Mahindra,Scorpio-N
"City e-HEV",Honda,"City 5th Gen"
"City 4th Gen",Honda,"City 5th Gen"
Jazz,Honda,"City 5th Gen"
Amaze,Honda,"City 5th Gen"
Jazz,Honda,"City 5th Gen"
WR-V,Honda,"City 5th Gen"
Amaze,Honda,"City 5th Gen"
WR-V,Honda,"City 5th Gen"
Amaze,Honda,"City 5th Gen"
Amaze,Honda,"City 5th Gen"
"XUV 300",Mahindra,Scorpio-N
"XUV 300",Mahindra,Scorpio-N
"XUV 300",Mahindra,Scorpio-N
"XUV 300",Mahindra,Scorpio-N
Marazzo,Mahindra,Scorpio-N
"Scorpio Classic",Mahindra,Scorpio-N
"Scorpio Classic",Mahindra,Scorpio-N
Alcazar,Hyundai,"Grand i10 Nios"
Alcazar,Hyundai,"Grand i10 Nios"
Verna,Hyundai,"Grand i10 Nios"
Alcazar,Hyundai,"Grand i10 Nios"
Tucson,Hyundai,"Grand i10 Nios"
Alcazar,Hyundai,"Grand i10 Nios"
Alcazar,Hyundai,"Grand i10 Nios"
Verna,Hyundai,"Grand i10 Nios"
Aura,Hyundai,"Grand i10 Nios"
Alcazar,Hyundai,"Grand i10 Nios"
Venue,Hyundai,"Grand i10 Nios"
Tucson,Hyundai,"Grand i10 Nios"
i20,Hyundai,"Grand i10 Nios"
i20,Hyundai,"Grand i10 Nios"
Verna,Hyundai,"Grand i10 Nios"
Tucson,Hyundai,"Grand i10 Nios"
Aura,Hyundai,"Grand i10 Nios"
i20,Hyundai,"Grand i10 Nios"
Venue,Hyundai,"Grand i10 Nios"
Alcazar,Hyundai,"Grand i10 Nios"
Venue,Hyundai,"Grand i10 Nios"
"Venue N-Line",Hyundai,"Grand i10 Nios"
Creta,Hyundai,"Grand i10 Nios"
Creta,Hyundai,"Grand i10 Nios"
Creta,Hyundai,"Grand i10 Nios"
Venue,Hyundai,"Grand i10 Nios"
Creta,Hyundai,"Grand i10 Nios"
"i20 N-Line",Hyundai,"Grand i10 Nios"
"i20 N-Line",Hyundai,"Grand i10 Nios"
Verna,Hyundai,"Grand i10 Nios"
Verna,Hyundai,"Grand i10 Nios"
i20,Hyundai,"Grand i10 Nios"
Alcazar,Hyundai,"Grand i10 Nios"
i20,Hyundai,"Grand i10 Nios"
Aura,Hyundai,"Grand i10 Nios"
Creta,Hyundai,"Grand i10 Nios"
Aura,Hyundai,"Grand i10 Nios"
"XUV 300",Mahindra,Scorpio-N
"XUV 300",Mahindra,Scorpio-N
"XUV 300",Mahindra,Scorpio-N
"XUV 300",Mahindra,Scorpio-N
Marazzo,Mahindra,Scorpio-N
"Scorpio Classic",Mahindra,Scorpio-N
"Scorpio Classic",Mahindra,Scorpio-N
"XUV 300",Mahindra,Scorpio-N
"XUV 300",Mahindra,Scorpio-N
"XUV 300",Mahindra,Scorpio-N
"XUV 300",Mahindra,Scorpio-N
Marazzo,Mahindra,Scorpio-N
"Scorpio Classic",Mahindra,Scorpio-N
"Scorpio Classic",Mahindra,Scorpio-N
Magnite,Nissan,Kicks
Magnite,Nissan,Kicks
Magnite,Nissan,Kicks
GT-R,Nissan,Kicks
Alcazar,Hyundai,Aura
Alcazar,Hyundai,Aura
Verna,Hyundai,Aura
Alcazar,Hyundai,Aura
Tucson,Hyundai,Aura
Alcazar,Hyundai,Aura
Alcazar,Hyundai,Aura
Verna,Hyundai,Aura
Alcazar,Hyundai,Aura
Venue,Hyundai,Aura
Tucson,Hyundai,Aura
i20,Hyundai,Aura
i20,Hyundai,Aura
Verna,Hyundai,Aura
Tucson,Hyundai,Aura
i20,Hyundai,Aura
Venue,Hyundai,Aura
Alcazar,Hyundai,Aura
Venue,Hyundai,Aura
"Venue N-Line",Hyundai,Aura
Creta,Hyundai,Aura
Creta,Hyundai,Aura
Creta,Hyundai,Aura
Venue,Hyundai,Aura
Creta,Hyundai,Aura
"i20 N-Line",Hyundai,Aura
"i20 N-Line",Hyundai,Aura
Verna,Hyundai,Aura
Verna,Hyundai,Aura
i20,Hyundai,Aura
"Grand i10 Nios",Hyundai,Aura
"Grand i10 Nios",Hyundai,Aura
Alcazar,Hyundai,Aura
i20,Hyundai,Aura
Creta,Hyundai,Aura
"Grand i10 Nios",Hyundai,Aura
"Grand i10 Nios",Hyundai,Aura
Glanza,Toyota,Fortuner
Glanza,Toyota,Fortuner
"Fortuner Legender",Toyota,Fortuner
"Fortuner Legender",Toyota,Fortuner
"Urban Cruiser",Toyota,Fortuner
"Urban Cruiser",Toyota,Fortuner
Carens,Kia,Sonet
Carens,Kia,Sonet
Carnival,Kia,Sonet
Carnival,Kia,Sonet
Carnival,Kia,Sonet
Seltos,Kia,Sonet
Carens,Kia,Sonet
Carens,Kia,Sonet
Carens,Kia,Sonet
Carens,Kia,Sonet
Carens,Kia,Sonet
Seltos,Kia,Sonet
Carens,Kia,Sonet
Seltos,Kia,Sonet
Seltos,Kia,Sonet
Seltos,Kia,Sonet
Seltos,Kia,Sonet
Seltos,Kia,Sonet
Seltos,Kia,Sonet
Carens,Kia,Sonet
Carens,Kia,Sonet
Carnival,Kia,Sonet
Carnival,Kia,Sonet
Carnival,Kia,Sonet
Seltos,Kia,Sonet
Carens,Kia,Sonet
Carens,Kia,Sonet
Carens,Kia,Sonet
Carens,Kia,Sonet
Carens,Kia,Sonet
Seltos,Kia,Sonet
Carens,Kia,Sonet
Seltos,Kia,Sonet
Seltos,Kia,Sonet
Seltos,Kia,Sonet
Seltos,Kia,Sonet
Seltos,Kia,Sonet
Seltos,Kia,Sonet
Harrier,Tata,Safari
Harrier,Tata,Safari
Carens,Kia,Sonet
Carens,Kia,Sonet
Carnival,Kia,Sonet
Carnival,Kia,Sonet
Carnival,Kia,Sonet
Seltos,Kia,Sonet
Carens,Kia,Sonet
Carens,Kia,Sonet
Carens,Kia,Sonet
Carens,Kia,Sonet
Carens,Kia,Sonet
Seltos,Kia,Sonet
Carens,Kia,Sonet
Seltos,Kia,Sonet
Seltos,Kia,Sonet
Seltos,Kia,Sonet
Seltos,Kia,Sonet
Seltos,Kia,Sonet
Seltos,Kia,Sonet
Carens,Kia,Seltos
Carens,Kia,Seltos
Carnival,Kia,Seltos
Carnival,Kia,Seltos
Carnival,Kia,Seltos
Carens,Kia,Seltos
Carens,Kia,Seltos
Sonet,Kia,Seltos
Carens,Kia,Seltos
Carens,Kia,Seltos
Carens,Kia,Seltos
Carens,Kia,Seltos
Sonet,Kia,Seltos
Sonet,Kia,Seltos
Sonet,Kia,Seltos
Sonet,Kia,Seltos
Carens,Kia,Seltos
Carens,Kia,Seltos
Carnival,Kia,Seltos
Carnival,Kia,Seltos
Carnival,Kia,Seltos
Carens,Kia,Seltos
Carens,Kia,Seltos
Sonet,Kia,Seltos
Carens,Kia,Seltos
Carens,Kia,Seltos
Carens,Kia,Seltos
Carens,Kia,Seltos
Sonet,Kia,Seltos
Sonet,Kia,Seltos
Sonet,Kia,Seltos
Sonet,Kia,Seltos
Carens,Kia,Seltos
Carens,Kia,Seltos
Carnival,Kia,Seltos
Carnival,Kia,Seltos
Carnival,Kia,Seltos
Carens,Kia,Seltos
Carens,Kia,Seltos
Sonet,Kia,Seltos
Carens,Kia,Seltos
Carens,Kia,Seltos
Carens,Kia,Seltos
Carens,Kia,Seltos
Sonet,Kia,Seltos
Sonet,Kia,Seltos
Sonet,Kia,Seltos
Sonet,Kia,Seltos
"City e-HEV",Honda,Amaze
"City 4th Gen",Honda,Amaze
"City 5th Gen",Honda,Amaze
Jazz,Honda,Amaze
"City 5th Gen",Honda,Amaze
"City 5th Gen",Honda,Amaze
Jazz,Honda,Amaze
WR-V,Honda,Amaze
WR-V,Honda,Amaze
"City e-HEV",Honda,"City 5th Gen"
"City 4th Gen",Honda,"City 5th Gen"
Jazz,Honda,"City 5th Gen"
Amaze,Honda,"City 5th Gen"
Jazz,Honda,"City 5th Gen"
WR-V,Honda,"City 5th Gen"
Amaze,Honda,"City 5th Gen"
WR-V,Honda,"City 5th Gen"
Amaze,Honda,"City 5th Gen"
Amaze,Honda,"City 5th Gen"
Carens,Kia,Seltos
Carens,Kia,Seltos
Carnival,Kia,Seltos
Carnival,Kia,Seltos
Carnival,Kia,Seltos
Carens,Kia,Seltos
Carens,Kia,Seltos
Sonet,Kia,Seltos
Carens,Kia,Seltos
Carens,Kia,Seltos
Carens,Kia,Seltos
Carens,Kia,Seltos
Sonet,Kia,Seltos
Sonet,Kia,Seltos
Sonet,Kia,Seltos
Sonet,Kia,Seltos
"XUV 300",Mahindra,"Scorpio Classic"
"XUV 300",Mahindra,"Scorpio Classic"
Scorpio-N,Mahindra,"Scorpio Classic"
Scorpio-N,Mahindra,"Scorpio Classic"
Scorpio-N,Mahindra,"Scorpio Classic"
"XUV 300",Mahindra,"Scorpio Classic"
"XUV 300",Mahindra,"Scorpio Classic"
Marazzo,Mahindra,"Scorpio Classic"
Scorpio-N,Mahindra,"Scorpio Classic"
Scorpio-N,Mahindra,"Scorpio Classic"
Scorpio-N,Mahindra,"Scorpio Classic"
Scorpio-N,Mahindra,"Scorpio Classic"
Scorpio-N,Mahindra,"Scorpio Classic"
Scorpio-N,Mahindra,"Scorpio Classic"
Scorpio-N,Mahindra,"Scorpio Classic"
Glanza,Toyota,Fortuner
Glanza,Toyota,Fortuner
"Fortuner Legender",Toyota,Fortuner
"Fortuner Legender",Toyota,Fortuner
"Urban Cruiser",Toyota,Fortuner
"Urban Cruiser",Toyota,Fortuner
Alcazar,Hyundai,"Grand i10 Nios"
Alcazar,Hyundai,"Grand i10 Nios"
Verna,Hyundai,"Grand i10 Nios"
Alcazar,Hyundai,"Grand i10 Nios"
Tucson,Hyundai,"Grand i10 Nios"
Alcazar,Hyundai,"Grand i10 Nios"
Alcazar,Hyundai,"Grand i10 Nios"
Verna,Hyundai,"Grand i10 Nios"
Aura,Hyundai,"Grand i10 Nios"
Alcazar,Hyundai,"Grand i10 Nios"
Venue,Hyundai,"Grand i10 Nios"
Tucson,Hyundai,"Grand i10 Nios"
i20,Hyundai,"Grand i10 Nios"
i20,Hyundai,"Grand i10 Nios"
Verna,Hyundai,"Grand i10 Nios"
Tucson,Hyundai,"Grand i10 Nios"
Aura,Hyundai,"Grand i10 Nios"
i20,Hyundai,"Grand i10 Nios"
Venue,Hyundai,"Grand i10 Nios"
Alcazar,Hyundai,"Grand i10 Nios"
Venue,Hyundai,"Grand i10 Nios"
"Venue N-Line",Hyundai,"Grand i10 Nios"
Creta,Hyundai,"Grand i10 Nios"
Creta,Hyundai,"Grand i10 Nios"
Creta,Hyundai,"Grand i10 Nios"
Venue,Hyundai,"Grand i10 Nios"
Creta,Hyundai,"Grand i10 Nios"
"i20 N-Line",Hyundai,"Grand i10 Nios"
"i20 N-Line",Hyundai,"Grand i10 Nios"
Verna,Hyundai,"Grand i10 Nios"
Verna,Hyundai,"Grand i10 Nios"
i20,Hyundai,"Grand i10 Nios"
Alcazar,Hyundai,"Grand i10 Nios"
i20,Hyundai,"Grand i10 Nios"
Aura,Hyundai,"Grand i10 Nios"
Creta,Hyundai,"Grand i10 Nios"
Aura,Hyundai,"Grand i10 Nios"
"XUV 300",Mahindra,Marazzo
"XUV 300",Mahindra,Marazzo
Scorpio-N,Mahindra,Marazzo
Scorpio-N,Mahindra,Marazzo
Scorpio-N,Mahindra,Marazzo
"XUV 300",Mahindra,Marazzo
"XUV 300",Mahindra,Marazzo
"Scorpio Classic",Mahindra,Marazzo
Scorpio-N,Mahindra,Marazzo
Scorpio-N,Mahindra,Marazzo
Scorpio-N,Mahindra,Marazzo
Scorpio-N,Mahindra,Marazzo
Scorpio-N,Mahindra,Marazzo
Scorpio-N,Mahindra,Marazzo
"Scorpio Classic",Mahindra,Marazzo
Scorpio-N,Mahindra,Marazzo
"City e-HEV",Honda,Jazz
"City 4th Gen",Honda,Jazz
"City 5th Gen",Honda,Jazz
"City 5th Gen",Honda,Jazz
Amaze,Honda,Jazz
"City 5th Gen",Honda,Jazz
WR-V,Honda,Jazz
Amaze,Honda,Jazz
WR-V,Honda,Jazz
Amaze,Honda,Jazz
Amaze,Honda,Jazz
"City e-HEV",Honda,"City 5th Gen"
"City 4th Gen",Honda,"City 5th Gen"
Jazz,Honda,"City 5th Gen"
Amaze,Honda,"City 5th Gen"
Jazz,Honda,"City 5th Gen"
WR-V,Honda,"City 5th Gen"
Amaze,Honda,"City 5th Gen"
WR-V,Honda,"City 5th Gen"
Amaze,Honda,"City 5th Gen"
Amaze,Honda,"City 5th Gen"
Scorpio-N,Mahindra,"XUV 300"
Scorpio-N,Mahindra,"XUV 300"
Scorpio-N,Mahindra,"XUV 300"
Marazzo,Mahindra,"XUV 300"
"Scorpio Classic",Mahindra,"XUV 300"
Scorpio-N,Mahindra,"XUV 300"
Scorpio-N,Mahindra,"XUV 300"
Scorpio-N,Mahindra,"XUV 300"
Scorpio-N,Mahindra,"XUV 300"
Scorpio-N,Mahindra,"XUV 300"
Scorpio-N,Mahindra,"XUV 300"
"Scorpio Classic",Mahindra,"XUV 300"
Scorpio-N,Mahindra,"XUV 300"
Scorpio-N,Mahindra,"XUV 300"
Scorpio-N,Mahindra,"XUV 300"
Scorpio-N,Mahindra,"XUV 300"
Marazzo,Mahindra,"XUV 300"
"Scorpio Classic",Mahindra,"XUV 300"
Scorpio-N,Mahindra,"XUV 300"
Scorpio-N,Mahindra,"XUV 300"
Scorpio-N,Mahindra,"XUV 300"
Scorpio-N,Mahindra,"XUV 300"
Scorpio-N,Mahindra,"XUV 300"
Scorpio-N,Mahindra,"XUV 300"
"Scorpio Classic",Mahindra,"XUV 300"
Scorpio-N,Mahindra,"XUV 300"
Fortuner,Toyota,"Urban Cruiser"
Fortuner,Toyota,"Urban Cruiser"
Fortuner,Toyota,"Urban Cruiser"
Fortuner,Toyota,"Urban Cruiser"
Glanza,Toyota,"Urban Cruiser"
Glanza,Toyota,"Urban Cruiser"
"Fortuner Legender",Toyota,"Urban Cruiser"
"Fortuner Legender",Toyota,"Urban Cruiser"
Fortuner,Toyota,"Urban Cruiser"
Fortuner,Toyota,"Urban Cruiser"
Fortuner,Toyota,"Urban Cruiser"
Fortuner,Toyota,"Urban Cruiser"
Fortuner,Toyota,"Urban Cruiser"
Fortuner,Toyota,"Urban Cruiser"
Glanza,Toyota,"Urban Cruiser"
Glanza,Toyota,"Urban Cruiser"
"Fortuner Legender",Toyota,"Urban Cruiser"
"Fortuner Legender",Toyota,"Urban Cruiser"
Fortuner,Toyota,"Urban Cruiser"
Fortuner,Toyota,"Urban Cruiser"
Fortuner,Toyota,"Fortuner Legender"
Fortuner,Toyota,"Fortuner Legender"
Fortuner,Toyota,"Fortuner Legender"
Fortuner,Toyota,"Fortuner Legender"
Glanza,Toyota,"Fortuner Legender"
Glanza,Toyota,"Fortuner Legender"
"Urban Cruiser",Toyota,"Fortuner Legender"
"Urban Cruiser",Toyota,"Fortuner Legender"
Fortuner,Toyota,"Fortuner Legender"
Fortuner,Toyota,"Fortuner Legender"
Fortuner,Toyota,"Fortuner Legender"
Fortuner,Toyota,"Fortuner Legender"
Fortuner,Toyota,"Fortuner Legender"
Fortuner,Toyota,"Fortuner Legender"
Glanza,Toyota,"Fortuner Legender"
Glanza,Toyota,"Fortuner Legender"
"Urban Cruiser",Toyota,"Fortuner Legender"
"Urban Cruiser",Toyota,"Fortuner Legender"
Fortuner,Toyota,"Fortuner Legender"
Fortuner,Toyota,"Fortuner Legender"
"XUV 300",Mahindra,Scorpio-N
"XUV 300",Mahindra,Scorpio-N
"XUV 300",Mahindra,Scorpio-N
"XUV 300",Mahindra,Scorpio-N
Marazzo,Mahindra,Scorpio-N
"Scorpio Classic",Mahindra,Scorpio-N
"Scorpio Classic",Mahindra,Scorpio-N
"XUV 300",Mahindra,Scorpio-N
"XUV 300",Mahindra,Scorpio-N
"XUV 300",Mahindra,Scorpio-N
"XUV 300",Mahindra,Scorpio-N
Marazzo,Mahindra,Scorpio-N
"Scorpio Classic",Mahindra,Scorpio-N
"Scorpio Classic",Mahindra,Scorpio-N
"XUV 300",Mahindra,Scorpio-N
"XUV 300",Mahindra,Scorpio-N
"XUV 300",Mahindra,Scorpio-N
"XUV 300",Mahindra,Scorpio-N
Marazzo,Mahindra,Scorpio-N
"Scorpio Classic",Mahindra,Scorpio-N
"Scorpio Classic",Mahindra,Scorpio-N
"City e-HEV",Honda,"City 4th Gen"
"City 5th Gen",Honda,"City 4th Gen"
Jazz,Honda,"City 4th Gen"
"City 5th Gen",Honda,"City 4th Gen"
Amaze,Honda,"City 4th Gen"
"City 5th Gen",Honda,"City 4th Gen"
Jazz,Honda,"City 4th Gen"
WR-V,Honda,"City 4th Gen"
Amaze,Honda,"City 4th Gen"
WR-V,Honda,"City 4th Gen"
Amaze,Honda,"City 4th Gen"
Amaze,Honda,"City 4th Gen"
"City 4th Gen",Honda,"City e-HEV"
"City 5th Gen",Honda,"City e-HEV"
Jazz,Honda,"City e-HEV"
"City 5th Gen",Honda,"City e-HEV"
Amaze,Honda,"City e-HEV"
"City 5th Gen",Honda,"City e-HEV"
Jazz,Honda,"City e-HEV"
WR-V,Honda,"City e-HEV"
Amaze,Honda,"City e-HEV"
WR-V,Honda,"City e-HEV"
Amaze,Honda,"City e-HEV"
Amaze,Honda,"City e-HEV"
Carens,Kia,Seltos
Carens,Kia,Seltos
Carnival,Kia,Seltos
Carnival,Kia,Seltos
Carnival,Kia,Seltos
Carens,Kia,Seltos
Carens,Kia,Seltos
Sonet,Kia,Seltos
Carens,Kia,Seltos
Carens,Kia,Seltos
Carens,Kia,Seltos
Carens,Kia,Seltos
Sonet,Kia,Seltos
Sonet,Kia,Seltos
Sonet,Kia,Seltos
Sonet,Kia,Seltos
Harrier,Tata,Safari
Harrier,Tata,Safari
Carens,Kia,Seltos
Carens,Kia,Seltos
Carnival,Kia,Seltos
Carnival,Kia,Seltos
Carnival,Kia,Seltos
Carens,Kia,Seltos
Carens,Kia,Seltos
Sonet,Kia,Seltos
Carens,Kia,Seltos
Carens,Kia,Seltos
Carens,Kia,Seltos
Carens,Kia,Seltos
Sonet,Kia,Seltos
Sonet,Kia,Seltos
Sonet,Kia,Seltos
Sonet,Kia,Seltos
Alcazar,Hyundai,Creta
Alcazar,Hyundai,Creta
Verna,Hyundai,Creta
Alcazar,Hyundai,Creta
Tucson,Hyundai,Creta
Alcazar,Hyundai,Creta
Alcazar,Hyundai,Creta
Verna,Hyundai,Creta
Aura,Hyundai,Creta
Alcazar,Hyundai,Creta
Venue,Hyundai,Creta
Tucson,Hyundai,Creta
i20,Hyundai,Creta
i20,Hyundai,Creta
Verna,Hyundai,Creta
Tucson,Hyundai,Creta
Aura,Hyundai,Creta
i20,Hyundai,Creta
Venue,Hyundai,Creta
Alcazar,Hyundai,Creta
Venue,Hyundai,Creta
"Venue N-Line",Hyundai,Creta
Venue,Hyundai,Creta
"i20 N-Line",Hyundai,Creta
"i20 N-Line",Hyundai,Creta
Verna,Hyundai,Creta
Verna,Hyundai,Creta
i20,Hyundai,Creta
"Grand i10 Nios",Hyundai,Creta
"Grand i10 Nios",Hyundai,Creta
Alcazar,Hyundai,Creta
i20,Hyundai,Creta
Aura,Hyundai,Creta
"Grand i10 Nios",Hyundai,Creta
Aura,Hyundai,Creta
"Grand i10 Nios",Hyundai,Creta
Alcazar,Hyundai,Aura
Alcazar,Hyundai,Aura
Verna,Hyundai,Aura
Alcazar,Hyundai,Aura
Tucson,Hyundai,Aura
Alcazar,Hyundai,Aura
Alcazar,Hyundai,Aura
Verna,Hyundai,Aura
Alcazar,Hyundai,Aura
Venue,Hyundai,Aura
Tucson,Hyundai,Aura
i20,Hyundai,Aura
i20,Hyundai,Aura
Verna,Hyundai,Aura
Tucson,Hyundai,Aura
i20,Hyundai,Aura
Venue,Hyundai,Aura
Alcazar,Hyundai,Aura
Venue,Hyundai,Aura
"Venue N-Line",Hyundai,Aura
Creta,Hyundai,Aura
Creta,Hyundai,Aura
Creta,Hyundai,Aura
Venue,Hyundai,Aura
Creta,Hyundai,Aura
"i20 N-Line",Hyundai,Aura
"i20 N-Line",Hyundai,Aura
Verna,Hyundai,Aura
Verna,Hyundai,Aura
i20,Hyundai,Aura
"Grand i10 Nios",Hyundai,Aura
"Grand i10 Nios",Hyundai,Aura
Alcazar,Hyundai,Aura
i20,Hyundai,Aura
Creta,Hyundai,Aura
"Grand i10 Nios",Hyundai,Aura
"Grand i10 Nios",Hyundai,Aura
Alcazar,Hyundai,i20
Alcazar,Hyundai,i20
Verna,Hyundai,i20
Alcazar,Hyundai,i20
Tucson,Hyundai,i20
Alcazar,Hyundai,i20
Alcazar,Hyundai,i20
Verna,Hyundai,i20
Aura,Hyundai,i20
Alcazar,Hyundai,i20
Venue,Hyundai,i20
Tucson,Hyundai,i20
Verna,Hyundai,i20
Tucson,Hyundai,i20
Aura,Hyundai,i20
Venue,Hyundai,i20
Alcazar,Hyundai,i20
Venue,Hyundai,i20
"Venue N-Line",Hyundai,i20
Creta,Hyundai,i20
Creta,Hyundai,i20
Creta,Hyundai,i20
Venue,Hyundai,i20
Creta,Hyundai,i20
"i20 N-Line",Hyundai,i20
"i20 N-Line",Hyundai,i20
Verna,Hyundai,i20
Verna,Hyundai,i20
"Grand i10 Nios",Hyundai,i20
"Grand i10 Nios",Hyundai,i20
Alcazar,Hyundai,i20
Aura,Hyundai,i20
Creta,Hyundai,i20
"Grand i10 Nios",Hyundai,i20
Aura,Hyundai,i20
"Grand i10 Nios",Hyundai,i20
Verna,Hyundai,Alcazar
Tucson,Hyundai,Alcazar
Verna,Hyundai,Alcazar
Aura,Hyundai,Alcazar
Venue,Hyundai,Alcazar
Tucson,Hyundai,Alcazar
i20,Hyundai,Alcazar
i20,Hyundai,Alcazar
Verna,Hyundai,Alcazar
Tucson,Hyundai,Alcazar
Aura,Hyundai,Alcazar
i20,Hyundai,Alcazar
Venue,Hyundai,Alcazar
Venue,Hyundai,Alcazar
"Venue N-Line",Hyundai,Alcazar
Creta,Hyundai,Alcazar
Creta,Hyundai,Alcazar
Creta,Hyundai,Alcazar
Venue,Hyundai,Alcazar
Creta,Hyundai,Alcazar
"i20 N-Line",Hyundai,Alcazar
"i20 N-Line",Hyundai,Alcazar
Verna,Hyundai,Alcazar
Verna,Hyundai,Alcazar
i20,Hyundai,Alcazar
"Grand i10 Nios",Hyundai,Alcazar
"Grand i10 Nios",Hyundai,Alcazar
i20,Hyundai,Alcazar
Aura,Hyundai,Alcazar
Creta,Hyundai,Alcazar
"Grand i10 Nios",Hyundai,Alcazar
Aura,Hyundai,Alcazar
"Grand i10 Nios",Hyundai,Alcazar
Alcazar,Hyundai,"Grand i10 Nios"
Alcazar,Hyundai,"Grand i10 Nios"
Verna,Hyundai,"Grand i10 Nios"
Alcazar,Hyundai,"Grand i10 Nios"
Tucson,Hyundai,"Grand i10 Nios"
Alcazar,Hyundai,"Grand i10 Nios"
Alcazar,Hyundai,"Grand i10 Nios"
Verna,Hyundai,"Grand i10 Nios"
Aura,Hyundai,"Grand i10 Nios"
Alcazar,Hyundai,"Grand i10 Nios"
Venue,Hyundai,"Grand i10 Nios"
Tucson,Hyundai,"Grand i10 Nios"
i20,Hyundai,"Grand i10 Nios"
i20,Hyundai,"Grand i10 Nios"
Verna,Hyundai,"Grand i10 Nios"
Tucson,Hyundai,"Grand i10 Nios"
Aura,Hyundai,"Grand i10 Nios"
i20,Hyundai,"Grand i10 Nios"
Venue,Hyundai,"Grand i10 Nios"
Alcazar,Hyundai,"Grand i10 Nios"
Venue,Hyundai,"Grand i10 Nios"
"Venue N-Line",Hyundai,"Grand i10 Nios"
Creta,Hyundai,"Grand i10 Nios"
Creta,Hyundai,"Grand i10 Nios"
Creta,Hyundai,"Grand i10 Nios"
Venue,Hyundai,"Grand i10 Nios"
Creta,Hyundai,"Grand i10 Nios"
"i20 N-Line",Hyundai,"Grand i10 Nios"
"i20 N-Line",Hyundai,"Grand i10 Nios"
Verna,Hyundai,"Grand i10 Nios"
Verna,Hyundai,"Grand i10 Nios"
i20,Hyundai,"Grand i10 Nios"
Alcazar,Hyundai,"Grand i10 Nios"
i20,Hyundai,"Grand i10 Nios"
Aura,Hyundai,"Grand i10 Nios"
Creta,Hyundai,"Grand i10 Nios"
Aura,Hyundai,"Grand i10 Nios"
Alcazar,Hyundai,"Grand i10 Nios"
Alcazar,Hyundai,"Grand i10 Nios"
Verna,Hyundai,"Grand i10 Nios"
Alcazar,Hyundai,"Grand i10 Nios"
Tucson,Hyundai,"Grand i10 Nios"
Alcazar,Hyundai,"Grand i10 Nios"
Alcazar,Hyundai,"Grand i10 Nios"
Verna,Hyundai,"Grand i10 Nios"
Aura,Hyundai,"Grand i10 Nios"
Alcazar,Hyundai,"Grand i10 Nios"
Venue,Hyundai,"Grand i10 Nios"
Tucson,Hyundai,"Grand i10 Nios"
i20,Hyundai,"Grand i10 Nios"
i20,Hyundai,"Grand i10 Nios"
Verna,Hyundai,"Grand i10 Nios"
Tucson,Hyundai,"Grand i10 Nios"
Aura,Hyundai,"Grand i10 Nios"
i20,Hyundai,"Grand i10 Nios"
Venue,Hyundai,"Grand i10 Nios"
Alcazar,Hyundai,"Grand i10 Nios"
Venue,Hyundai,"Grand i10 Nios"
"Venue N-Line",Hyundai,"Grand i10 Nios"
Creta,Hyundai,"Grand i10 Nios"
Creta,Hyundai,"Grand i10 Nios"
Creta,Hyundai,"Grand i10 Nios"
Venue,Hyundai,"Grand i10 Nios"
Creta,Hyundai,"Grand i10 Nios"
"i20 N-Line",Hyundai,"Grand i10 Nios"
"i20 N-Line",Hyundai,"Grand i10 Nios"
Verna,Hyundai,"Grand i10 Nios"
Verna,Hyundai,"Grand i10 Nios"
i20,Hyundai,"Grand i10 Nios"
Alcazar,Hyundai,"Grand i10 Nios"
i20,Hyundai,"Grand i10 Nios"
Aura,Hyundai,"Grand i10 Nios"
Creta,Hyundai,"Grand i10 Nios"
Aura,Hyundai,"Grand i10 Nios"
Fortuner,Toyota,Glanza
Fortuner,Toyota,Glanza
Fortuner,Toyota,Glanza
Fortuner,Toyota,Glanza
"Fortuner Legender",Toyota,Glanza
"Fortuner Legender",Toyota,Glanza
"Urban Cruiser",Toyota,Glanza
"Urban Cruiser",Toyota,Glanza
Fortuner,Toyota,Glanza
Fortuner,Toyota,Glanza
Fortuner,Toyota,Glanza
Fortuner,Toyota,Glanza
Fortuner,Toyota,Glanza
Fortuner,Toyota,Glanza
"Fortuner Legender",Toyota,Glanza
"Fortuner Legender",Toyota,Glanza
"Urban Cruiser",Toyota,Glanza
"Urban Cruiser",Toyota,Glanza
Fortuner,Toyota,Glanza
Fortuner,Toyota,Glanza
Alcazar,Hyundai,i20
Alcazar,Hyundai,i20
Verna,Hyundai,i20
Alcazar,Hyundai,i20
Tucson,Hyundai,i20
Alcazar,Hyundai,i20
Alcazar,Hyundai,i20
Verna,Hyundai,i20
Aura,Hyundai,i20
Alcazar,Hyundai,i20
Venue,Hyundai,i20
Tucson,Hyundai,i20
Verna,Hyundai,i20
Tucson,Hyundai,i20
Aura,Hyundai,i20
Venue,Hyundai,i20
Alcazar,Hyundai,i20
Venue,Hyundai,i20
"Venue N-Line",Hyundai,i20
Creta,Hyundai,i20
Creta,Hyundai,i20
Creta,Hyundai,i20
Venue,Hyundai,i20
Creta,Hyundai,i20
"i20 N-Line",Hyundai,i20
"i20 N-Line",Hyundai,i20
Verna,Hyundai,i20
Verna,Hyundai,i20
"Grand i10 Nios",Hyundai,i20
"Grand i10 Nios",Hyundai,i20
Alcazar,Hyundai,i20
Aura,Hyundai,i20
Creta,Hyundai,i20
"Grand i10 Nios",Hyundai,i20
Aura,Hyundai,i20
"Grand i10 Nios",Hyundai,i20
Glanza,Toyota,Fortuner
Glanza,Toyota,Fortuner
"Fortuner Legender",Toyota,Fortuner
"Fortuner Legender",Toyota,Fortuner
"Urban Cruiser",Toyota,Fortuner
"Urban Cruiser",Toyota,Fortuner
Alcazar,Hyundai,Verna
Alcazar,Hyundai,Verna
Alcazar,Hyundai,Verna
Tucson,Hyundai,Verna
Alcazar,Hyundai,Verna
Alcazar,Hyundai,Verna
Aura,Hyundai,Verna
Alcazar,Hyundai,Verna
Venue,Hyundai,Verna
Tucson,Hyundai,Verna
i20,Hyundai,Verna
i20,Hyundai,Verna
Tucson,Hyundai,Verna
Aura,Hyundai,Verna
i20,Hyundai,Verna
Venue,Hyundai,Verna
Alcazar,Hyundai,Verna
Venue,Hyundai,Verna
"Venue N-Line",Hyundai,Verna
Creta,Hyundai,Verna
Creta,Hyundai,Verna
Creta,Hyundai,Verna
Venue,Hyundai,Verna
Creta,Hyundai,Verna
"i20 N-Line",Hyundai,Verna
"i20 N-Line",Hyundai,Verna
i20,Hyundai,Verna
"Grand i10 Nios",Hyundai,Verna
"Grand i10 Nios",Hyundai,Verna
Alcazar,Hyundai,Verna
i20,Hyundai,Verna
Aura,Hyundai,Verna
Creta,Hyundai,Verna
"Grand i10 Nios",Hyundai,Verna
Aura,Hyundai,Verna
"Grand i10 Nios",Hyundai,Verna
Alcazar,Hyundai,Verna
Alcazar,Hyundai,Verna
Alcazar,Hyundai,Verna
Tucson,Hyundai,Verna
Alcazar,Hyundai,Verna
Alcazar,Hyundai,Verna
Aura,Hyundai,Verna
Alcazar,Hyundai,Verna
Venue,Hyundai,Verna
Tucson,Hyundai,Verna
i20,Hyundai,Verna
i20,Hyundai,Verna
Tucson,Hyundai,Verna
Aura,Hyundai,Verna
i20,Hyundai,Verna
Venue,Hyundai,Verna
Alcazar,Hyundai,Verna
Venue,Hyundai,Verna
"Venue N-Line",Hyundai,Verna
Creta,Hyundai,Verna
Creta,Hyundai,Verna
Creta,Hyundai,Verna
Venue,Hyundai,Verna
Creta,Hyundai,Verna
"i20 N-Line",Hyundai,Verna
"i20 N-Line",Hyundai,Verna
i20,Hyundai,Verna
"Grand i10 Nios",Hyundai,Verna
"Grand i10 Nios",Hyundai,Verna
Alcazar,Hyundai,Verna
i20,Hyundai,Verna
Aura,Hyundai,Verna
Creta,Hyundai,Verna
"Grand i10 Nios",Hyundai,Verna
Aura,Hyundai,Verna
"Grand i10 Nios",Hyundai,Verna
Alcazar,Hyundai,"i20 N-Line"
Alcazar,Hyundai,"i20 N-Line"
Verna,Hyundai,"i20 N-Line"
Alcazar,Hyundai,"i20 N-Line"
Tucson,Hyundai,"i20 N-Line"
Alcazar,Hyundai,"i20 N-Line"
Alcazar,Hyundai,"i20 N-Line"
Verna,Hyundai,"i20 N-Line"
Aura,Hyundai,"i20 N-Line"
Alcazar,Hyundai,"i20 N-Line"
Venue,Hyundai,"i20 N-Line"
Tucson,Hyundai,"i20 N-Line"
i20,Hyundai,"i20 N-Line"
i20,Hyundai,"i20 N-Line"
Verna,Hyundai,"i20 N-Line"
Tucson,Hyundai,"i20 N-Line"
Aura,Hyundai,"i20 N-Line"
i20,Hyundai,"i20 N-Line"
Venue,Hyundai,"i20 N-Line"
Alcazar,Hyundai,"i20 N-Line"
Venue,Hyundai,"i20 N-Line"
"Venue N-Line",Hyundai,"i20 N-Line"
